candidate_uid,scenario_id,target_label,targets_json,delivery_method,pass_name,repeat_idx,restart_idx,trial_idx,profile,sequence,score,score_raw,score_calibrated,score_gain_vs_target,stability,binding,identity,n_mutations,mutations_json,mut_positions_json,uncertainty,ood_distance,rescue_dms_mean,n_functional_rescues,n_rescue_mutations,meets_constraints,selection_reason,receptor_source,docking_backend,md_status,pareto_rank,clinical_score,clinical_viability,selection_score,diversity_novelty,max_mutation_overlap,presentation_rank
R248W__gene_therapy|deep|autoregressive|trial13,R248W__gene_therapy,R248W,"[""R248W""]",gene_therapy,deep,1,1,13,Autoregressive,MEEPQSDPSVEPPLSQETFSDLWKLLPENNVLSPLPSQAMDDLMLSPDDIEQWFTEDPGPDEAPRMPEAAPPVAPAPAAPTPAAPAPAPSWPLSSSVPSQKTYQGSYGFRVGFLHSGTAKSVTWTYSPALNKMFIQLNKTLPFQVWVDSTPPPGTRVRAMVIYKQSQHMTEVVRRCPHHERCSDSDGLAPPQHLIRVEGNLRAEYLDDRNTFRHSVVVPYEPPEVGSDYTTILYKFMRNSSCMGGMNWRPILVILTLESSSGNLLGRQSFEVRISACPGRDRRTEEENLRKKGEPHHELPPGSTKRALPNNTSSSPQPKKKPLDGEYFTLQIRGRERFEMFRELNEALELKDAQAGKEPGGSRAHSSHLKSKKGQSTSRHKKLMFKTEGPDSD,0.03881506621837616,0.03881506621837616,0.038816841593010576,1.1393184797555775,-0.27455809712409973,8.968427658081055,94.65648854961832,21,"[""L111V"", ""C124W"", ""C135I"", ""A138N"", ""C141L"", ""V143F"", ""L145V"", ""A161V"", ""V203A"", ""C229Y"", ""H233L"", ""N235K"", ""Y236F"", ""C238R"", ""R248W"", ""T253V"", ""I255L"", ""D259S"", ""N268Q"", ""V274I"", ""C275S""]","[111, 124, 135, 138, 141, 143, 145, 161, 203, 229, 233, 235, 236, 238, 248, 253, 255, 259, 268, 274, 275]",0.07406826756049219,0.381459504365921,0.3464556266197217,4,20,True,quota_delivery_gene_therapy,n/a,n/a,n/a,1,-inf,,1.381178505798085,1.0,0.0,1
R248W__mrna_therapy|deep|autoregressive|trial13,R248W__mrna_therapy,R248W,"[""R248W""]",mrna_therapy,deep,1,1,13,Autoregressive,MEEPQSDPSVEPPLSQETFSDLWKLLPENNVLSPLPSQAMDDLMLSPDDIEQWFTEDPGPDEAPRMPEAAPPVAPAPAAPTPAAPAPAPSWPLSSSVPSQKTYQGSYGFRVGFLHSGTAKSVTWTYSPALNKMFIQLNKTLPFQVWVDSTPPPGTRVRAMVIYKQSQHMTEVVRRCPHHERCSDSDGLAPPQHLIRVEGNLRAEYLDDRNTFRHSVVVPYEPPEVGSDYTTILYKFMRNSSCMGGMNWRPILVILTLESSSGNLLGRQSFEVRISACPGRDRRTEEENLRKKGEPHHELPPGSTKRALPNNTSSSPQPKKKPLDGEYFTLQIRGRERFEMFRELNEALELKDAQAGKEPGGSRAHSSHLKSKKGQSTSRHKKLMFKTEGPDSD,0.03881506621837616,0.03881506621837616,0.038816841593010576,1.1393184797555775,-0.27455809712409973,8.968427658081055,94.65648854961832,21,"[""L111V"", ""C124W"", ""C135I"", ""A138N"", ""C141L"", ""V143F"", ""L145V"", ""A161V"", ""V203A"", ""C229Y"", ""H233L"", ""N235K"", ""Y236F"", ""C238R"", ""R248W"", ""T253V"", ""I255L"", ""D259S"", ""N268Q"", ""V274I"", ""C275S""]","[111, 124, 135, 138, 141, 143, 145, 161, 203, 229, 233, 235, 236, 238, 248, 253, 255, 259, 268, 274, 275]",0.07406826756049219,0.381459504365921,0.3464556266197217,4,20,True,quota_delivery_mrna_therapy,n/a,n/a,n/a,1,-inf,,0.8311785057980852,0.0,1.0,2
R248W__protein_therapy|deep|autoregressive|trial13,R248W__protein_therapy,R248W,"[""R248W""]",protein_therapy,deep,1,1,13,Autoregressive,MEEPQSDPSVEPPLSQETFSDLWKLLPENNVLSPLPSQAMDDLMLSPDDIEQWFTEDPGPDEAPRMPEAAPPVAPAPAAPTPAAPAPAPSWPLSSSVPSQKTYQGSYGFRVGFLHSGTAKSVTWTYSPALNKMFIQLNKTLPVQFWVDSTPPPGTRVRSMVIYKQSQHMTEVVRRCPHHERCSDSDGLAPPQHLIRVEGNLRAEYLDDRNTFRHSVVVPYEPPEVGSDYTTILYKFMCNSSCMGGMNWRPILVILTLESSSGNLLGRQSFEVRISACPGRDRRTEEENLRKKGEPHHELPPGSTKRALPNNTSSSPQPKKKPLDGEYFTLQIRGRERFEMFRELNEALELKDAQAGKEPGGSRAHSSHLKSKKGQSTSRHKKLMFKTEGPDSD,-0.07603304833173752,-0.07603304833173752,-0.07572019248338699,1.0244703652054639,-0.275959312915802,8.967607498168945,94.91094147582697,20,"[""L111V"", ""C124W"", ""C135I"", ""A138N"", ""C141L"", ""L145F"", ""A159S"", ""A161V"", ""V203A"", ""C229Y"", ""H233L"", ""N235K"", ""Y236F"", ""R248W"", ""T253V"", ""I255L"", ""D259S"", ""N268Q"", ""V274I"", ""C275S""]","[111, 124, 135, 138, 141, 145, 159, 161, 203, 229, 233, 235, 236, 248, 253, 255, 259, 268, 274, 275]",0.04984624234041019,0.35690838098526,0.21923867257210533,4,19,True,quota_delivery_protein_therapy,n/a,n/a,n/a,1,-inf,,0.9404690344747018,0.2272727272727273,0.7727272727272727,3
R248W+R249S__gene_therapy|deep|autoregressive|trial13,R248W+R249S__gene_therapy,R248W+R249S,"[""R248W"", ""R249S""]",gene_therapy,deep,1,1,13,Autoregressive,MEEPQSDPSVEPPLSQETFSDLWKLLPENNVLSPLPSQAMDDLMLSPDDIEQWFTEDPGPDEAPRMPEAAPPVAPAPAAPTPAAPAPAPSWPLSSSVPSQKTYQGSYGFRVGFLHSGTAKSVTWTYSPALNKMFCQLNKTLPVQFWVDSTPPPGTRIRAMAIYKQSQHMTEVVRRCPHHERCSDSDGLAPPQHLIRVEGNLRAEYLDDRNTFRHSVVVPYEPPEVGSDCTTIHYKFMCQSSSMGGMNWSPILVIFTLEDSSENLLGRRSFEARISSCPGRDRRTEEENLRKKGEPHHELPPGSTKRALPNNTSSSPQPKKKPLDGEYFTLQIRGRERFEMFRELNEALELKDAQAGKEPGGSRAHSSHLKSKKGQSTSRHKKLMFKTEGPDSD,0.008178219199180603,0.008178219199180603,0.008197903373691223,1.3567445243777305,-0.27338123321533203,8.968523979187012,94.65648854961832,21,"[""L111V"", ""C124W"", ""A138N"", ""C141L"", ""L145F"", ""V157I"", ""V203A"", ""N235K"", ""Y236F"", ""N239Q"", ""C242S"", ""R248W"", ""R249S"", ""T253V"", ""I255F"", ""G262E"", ""N268R"", ""V272A"", ""V274I"", ""C275S"", ""A276S""]","[111, 124, 138, 141, 145, 157, 203, 235, 236, 239, 242, 248, 249, 253, 255, 262, 268, 272, 274, 275, 276]",0.15106985333652698,0.35671985149383545,0.46420524058734713,4,19,True,quota_profile_Autoregressive,n/a,n/a,n/a,1,-inf,,1.1273513426421002,0.6343124733929331,0.4074074074074074,4
R273C+R282W__protein_therapy|deep|rep1|rst2|trial2,R273C+R282W__protein_therapy,R273C+R282W,"[""R273C"", ""R282W""]",protein_therapy,deep,1,2,2,Balanced,MMEPQSDPSVEPPLSQETFSDLWKLSSENNVLSPLPSQAMDDLMLSPDDIEQWFTEDPGPDEAPRMPEAAPPVAPTPAAPTPAAPMPAPSWPLFSSLPSQKNYQGSYGFRLGFKHSGTWKSATWTMSPSLNKMFCQLNKTCPLQFWVDRTPPPGTRVRAMAIYKQSQHMTLVVRRCPHHERCSDSDRLPPPQHLIRVEGNLRVQYLDDRNTGRHSVVVPPEPPEVGSDCTTIHYNYMCNSSCMGGMNRRPILTIITLEDSSGNLLGRNSEEVCVCKCRGRDWRTEEENLRKKGCPHHELPPGSTKRALPNNTSSSPQPKKKPLDGEYFTLQIRVRELYEMLRELNEALELKDIQAGKVPGGSRQHSSHQKSKKGPSTSRHKKVMFKTEGPDSD,-2.2862902636223197,-1.7917821407318115,-1.29310597833814,-1.3043988412436085,-0.14605924487113953,8.025239944458008,89.82188295165395,40,"[""E2M"", ""L26S"", ""P27S"", ""A76T"", ""A86M"", ""S94F"", ""V97L"", ""T102N"", ""L114K"", ""A119W"", ""V122A"", ""C124W"", ""Y126M"", ""A129S"", ""A138N"", ""V143L"", ""L145F"", ""S149R"", ""E171L"", ""G187R"", ""A189P"", ""E204Q"", ""F212G"", ""Y220P"", ""F270E"", ""R273C"", ""A276K"", ""P278R"", ""R282W"", ""E294C"", ""G334V"", ""R337L"", ""F338Y"", ""F341L"", ""A353I"", ""E358V"", ""A364Q"", ""L369Q"", ""Q375P"", ""L383V""]","[2, 26, 27, 76, 86, 94, 97, 102, 114, 119, 122, 124, 126, 129, 138, 143, 145, 149, 171, 187, 189, 204, 212, 220, 270, 273, 276, 278, 282, 294, 334, 337, 338, 341, 353, 358, 364, 369, 375, 383]",0.07041474212371997,4.031736373901367,0.07144251490811304,19,38,False,quota_profile_Balanced,n/a,n/a,n/a,2,-inf,,0.42691492625525973,0.9543650793650794,0.05555555555555555,5
G245S+R248W__protein_therapy|deep|rep2|rst2|trial10,G245S+R248W__protein_therapy,G245S+R248W,"[""R248W"", ""G245S""]",protein_therapy,deep,2,2,10,Binding-Optimized,MMEPQSDPSVEPPLSQETFSDSWRLSPENNTLSPMPSQQMDDLMLSPDDNEQWFMEDPGPSQAPRMPEWAPPVAPAPAAPAPAAPAPAPSWPLSSSVPSQKTFQGSYEFRLGFRHSGTAKSVTCTQSPALNKMFCQVAKTCPVQLWVDSTPPPGTRVRSMAIYKQSQHMTEVVRRCPHHERCSDSDGLAPPQHLIRVEGNSRVEYLDDRNTFRHSVVVPYEPPEVGSDCTTIHINYMCNSSCMGSMNWRNILTIITLEDSSGNLLGRNSFEVRVCACRGRDRRTEEENSRKKGEPHHELPPGSRKRAQPNNTSSSRQPKKKPLDGEYKTLQNKFRELEEMFRELNEALMLKDKQQGKEPGPSRQHSSHKKSKKGQSTSRHKKLMFKTEGPDSD,-2.2862902636223197,-1.3718336820602417,-1.1068874276968284,-0.9006260513186168,-0.23567236959934235,7.895628452301025,89.56743002544529,41,"[""E2M"", ""L22S"", ""K24R"", ""L26S"", ""V31T"", ""L35M"", ""A39Q"", ""I50N"", ""T55M"", ""D61S"", ""E62Q"", ""A69W"", ""T81A"", ""Y103F"", ""G108E"", ""L114R"", ""Y126Q"", ""L137V"", ""A159S"", ""L201S"", ""Y234I"", ""G245S"", ""R248W"", ""P250N"", ""P278R"", ""L289S"", ""T304R"", ""L308Q"", ""P316R"", ""F328K"", ""I332N"", ""R333K"", ""G334F"", ""R337L"", ""F338E"", ""E349M"", ""A353K"", ""A355Q"", ""G361P"", ""A364Q"", ""L369K""]","[2, 22, 24, 26, 31, 35, 39, 50, 55, 61, 62, 69, 81, 103, 108, 114, 126, 137, 159, 201, 234, 245, 248, 250, 278, 289, 304, 308, 316, 328, 332, 333, 334, 337, 338, 349, 353, 355, 361, 364, 369]",0.3982575529681091,4.470699310302734,-0.47995172711808576,29,39,False,quota_profile_Binding-Optimized,n/a,n/a,n/a,1,-inf,,0.5800219298245615,0.9826023391812866,0.06944444444444445,6
R273H__protein_therapy|deep|rep2|rst1|trial11,R273H__protein_therapy,R273H,"[""R273H""]",protein_therapy,deep,2,1,11,Conservative,MMEPQSDPSVEPPLSQETFSDLWKLLPENNVLSPLPSQAMDDLMLSPDDINQWFTEDPGPDEAPRMPEEAPPVAPTPAAPTPAAPAPAPSWPLSSSVPSQKTWQGSYGFRLGFWHSGTRKSVTCQYSPALNKMFCQLNKTCPVQLWVDSTPPPGTRVRAMAIYKQSQRMTEVVRRCPHHERCSDSDGLGPPQHLIRVEGNLRVEYLDDRNTGRHSVVVPYEPPQVGSDCTTILYNYMCNSSCMGGMNRRPILTIITLEDSSGNLLGRNSFEVHVCACPGRDRRTEEENLRKKGEPHPELPPGSTKRKLPNNTSSSQQPKKKPKDGEYFTLQIRGREKYEMFRELNEALELKDIQAGKEPGPSRSHSSHSKSKKGQSTSRHKKLKFKTEGDDSD,-2.2862902636223197,-1.2382428646087646,-1.0325574822144155,-1.226898140138352,-0.38510939478874207,8.097797393798828,93.12977099236642,27,"[""E2M"", ""E51N"", ""A69E"", ""A76T"", ""Y103W"", ""L114W"", ""A119R"", ""T125Q"", ""A138N"", ""H168R"", ""A189G"", ""F212G"", ""E224Q"", ""H233L"", ""R273H"", ""H297P"", ""A307K"", ""P316Q"", ""L323K"", ""R337K"", ""F338Y"", ""A353I"", ""G361P"", ""A364S"", ""L369S"", ""M384K"", ""P390D""]","[2, 51, 69, 76, 103, 114, 119, 125, 138, 168, 189, 212, 224, 233, 273, 297, 307, 316, 323, 337, 338, 353, 361, 364, 369, 384, 390]",0.07055169490500579,4.585817813873291,-0.45213253533991354,18,26,False,quota_profile_Conservative,n/a,n/a,n/a,1,-inf,,0.554715898177726,0.9507762834747598,0.10344827586206896,7
R248W+R249S__gene_therapy|deep|rep1|rst2|trial6,R248W+R249S__gene_therapy,R248W+R249S,"[""R248W"", ""R249S""]",gene_therapy,deep,1,2,6,Experimental,MEEPQSDPSVLPPRSQETFSDLWKLLPENNILSPLPSQRMDDLMLSPDDIEQWFTEDPGPSEPPRMPEPAPPVAPTPAQPWPAAPAPAPSWPSSSSWWSQKWYQGSYGFRLGFRHSGWSKSVTCTYSPQLNKMFCQLNKMCPIQLWVDSTPPPGTRVRAMAIYKQSQRMTEVVRRCPHHERCSDSDGLAPPQHLIRVEGNKRVEYKDDRNTGRHSVVVPLQPPQVGSDCTTIHLNYMCNSSCMGGMNWSPILTIITLEDSSGNLLGRNSFEVRVCACPGRDRRTEEENLRKKGEPHPELPPGSTKRKKPNNTSSSPQPKKKPKDGEYFTLQIRGREIFEMFKELNESLELKDIQAGKEPAPSRRHSSHSKSKKGPSTSRHKKLMFKTEGPDSD,-2.2862902636223197,-1.2954821586608887,-1.0653568878467587,-0.9377239584437698,-0.0218788031488657,8.197286605834961,88.80407124681933,44,"[""E11L"", ""L14R"", ""V31I"", ""A39R"", ""D61S"", ""A63P"", ""A69P"", ""A76T"", ""A79Q"", ""T81W"", ""L93S"", ""V97W"", ""P98W"", ""T102W"", ""L114R"", ""T118W"", ""A119S"", ""A129Q"", ""A138N"", ""T140M"", ""V143I"", ""H168R"", ""L201K"", ""L206K"", ""F212G"", ""Y220L"", ""E221Q"", ""E224Q"", ""Y234L"", ""R248W"", ""R249S"", ""H297P"", ""A307K"", ""L308K"", ""L323K"", ""R337I"", ""R342K"", ""A347S"", ""A353I"", ""G360A"", ""G361P"", ""A364R"", ""L369S"", ""Q375P""]","[11, 14, 31, 39, 61, 63, 69, 76, 79, 81, 93, 97, 98, 102, 114, 118, 119, 129, 138, 140, 143, 168, 201, 206, 212, 220, 221, 224, 234, 248, 249, 297, 307, 308, 323, 337, 342, 347, 353, 360, 361, 364, 369, 375]",0.1416964325029709,6.079641342163086,-0.4028410830169453,30,42,False,quota_profile_Experimental,n/a,n/a,n/a,1,-inf,,0.5227741087612393,0.9479670171646013,0.19298245614035087,8
R273H__protein_therapy|deep|rep1|rst1|trial3,R273H__protein_therapy,R273H,"[""R273H""]",protein_therapy,deep,1,1,3,Function-Maximized,MMEPQFDPSVEPPLSQETFSDKWQLLPDNNVLSPLPSQAMDDLMLSPDDIQQWFTEDPGPSEAPRMPEAAPPVAPTPAAPTPAAPTPAPSWPLSSSWPSQKTYQGSYGFRLGFLHSGTAKSVTWTYSPALNKMFCQLNKTCPVQLWVDSTPPPGTRVRAMPIYKQSQHMTQVVRRCPHHERCSDSDGLAPPQHRIRVEGNLRVEYLDDRNTGRHSVVVPYEPPEVGSDCTTIHINYMCNSSCMGGMNRRPILTIITLEDSSGNLLGRNSFEVHVCACPGRDRRTEEENLRKKGLPHPELPPGSTKRKPPNNTSSSSQPKKKPLDGEYFTLQIRGRELYEMLRELNEALELKDAQAGKEPGGSRQHSSHSKSKKGQSTSRHKKVMFKTEGPDSD,-2.2862902636223197,-1.1854722499847412,-1.0010344646034857,-1.226898140138352,-0.29046905040740967,8.27462387084961,92.62086513994912,29,"[""E2M"", ""S6F"", ""L22K"", ""K24Q"", ""E28D"", ""E51Q"", ""D61S"", ""A76T"", ""A86T"", ""V97W"", ""C124W"", ""A138N"", ""A161P"", ""E171Q"", ""L194R"", ""F212G"", ""Y234I"", ""R273H"", ""E294L"", ""H297P"", ""A307K"", ""L308P"", ""P316S"", ""R337L"", ""F338Y"", ""F341L"", ""A364Q"", ""L369S"", ""L383V""]","[2, 6, 22, 24, 28, 51, 61, 76, 86, 97, 124, 138, 161, 171, 194, 212, 234, 273, 294, 297, 307, 308, 316, 337, 338, 341, 364, 369, 383]",0.25775351210495756,3.445460081100464,-0.26916788131839775,20,28,False,quota_profile_Function-Maximized,n/a,n/a,n/a,1,-inf,,0.4761851822619413,0.9077490872459315,0.17857142857142858,9
R273C__protein_therapy|deep|rep1|rst2|trial4,R273C__protein_therapy,R273C,"[""R273C""]",protein_therapy,deep,1,2,4,Stability-First,MMEPQSDPSVEPPLSQETFSDLWKILVENNVLSPPPSQATDDLMLSPDDIEQWFTEDPGPSEAPRMPEPAPPVAPAPAAPTPAAPAPAPSWPLSSSVPSQKTFQGSYSFRLGFSHSGQGKSVTWTYSPALNKMFCQLRKTCPVQTWVDSTPPPGTRVRAMAIYKQSQHMTLVVRRCPHHERCSDSDGLPPPQHLIRVEGNLRVEYLDDRNTGRHSVVVVFEPPQEGSDCTTIHNNYMCNSSCMGGMNRRRILTTITLEDSSGNLLGRNSFEVCVCACPGRDRRTLEENLRKKGEPHPELPPGSTKRKLPNNTSSSSQPKKKPLDGEYFTLQIRLREVMEMLRELNEALELKDMQEGKEPGPSRDHSSHLKSKKGQSTSRHKKVMFKTEGSDSD,-2.2862902636223197,-1.2708221673965454,-1.0514027204651863,-1.368915061081131,-0.3455975651741028,7.600172996520996,89.82188295165395,40,"[""E2M"", ""L25I"", ""P27V"", ""L35P"", ""M40T"", ""D61S"", ""A69P"", ""Y103F"", ""G108S"", ""L114S"", ""T118Q"", ""A119G"", ""C124W"", ""A138R"", ""L145T"", ""E171L"", ""A189P"", ""F212G"", ""P219V"", ""Y220F"", ""E224Q"", ""V225E"", ""Y234N"", ""P250R"", ""I254T"", ""R273C"", ""E285L"", ""H297P"", ""A307K"", ""P316S"", ""G334L"", ""R337V"", ""F338M"", ""F341L"", ""A353M"", ""A355E"", ""G361P"", ""A364D"", ""L383V"", ""P390S""]","[2, 25, 27, 35, 40, 61, 69, 103, 108, 114, 118, 119, 124, 138, 145, 171, 189, 212, 219, 220, 224, 225, 234, 250, 254, 273, 285, 297, 307, 316, 334, 337, 338, 341, 353, 355, 361, 364, 383, 390]",0.06987778256012804,3.5996150970458984,-0.16081082613598235,22,39,False,quota_profile_Stability-First,n/a,n/a,n/a,3,-inf,,0.4620968481880006,0.936101504931675,0.15517241379310345,10
R248Q+R249S__gene_therapy|deep|autoregressive|trial13,R248Q+R249S__gene_therapy,R248Q+R249S,"[""R248Q"", ""R249S""]",gene_therapy,deep,1,1,13,Autoregressive,MEEPQSDPSVEPPLSQETFSDLWKLLPENNVLSPLPSQAMDDLMLSPDDIEQWFTEDPGPDEAPRMPEAAPPVAPAPAAPTPAAPAPAPSWPLSSSVPSQKTYQGSYGFRLGFLHSGTAKSVTWTYSPALNKMFCQLNKTLPIQLWVDSTPPPGTRIRAMPIFKQSQHMTEVVRRCPHHERCSDSDGLAPPQHLIRVESNLRVEYLDDRNTFRCSVVVPYEPPEVGSDCTTVHLKFMCYSSCMGGMNQSPVMVIFTLESSSENLLGRQSFEVRICSCPGRDRRTEEENLRKKGEPHHELPPGSTKRALPNNTSSSPQPKKKPLDGEYFTLQIRGRERFEMFRELNEALELKDAQAGKEPGGSRAHSSHLKSKKGQSTSRHKKLMFKTEGPDSD,-0.051718465983867645,-0.051718465983867645,-0.05154199034419732,1.3198834446802545,-0.2869832217693329,8.973272323608398,93.63867684478372,25,"[""C124W"", ""A138N"", ""C141L"", ""V143I"", ""V157I"", ""A161P"", ""Y163F"", ""G199S"", ""H214C"", ""I232V"", ""Y234L"", ""N235K"", ""Y236F"", ""N239Y"", ""R248Q"", ""R249S"", ""I251V"", ""L252M"", ""T253V"", ""I255F"", ""D259S"", ""G262E"", ""N268Q"", ""V274I"", ""A276S""]","[124, 138, 141, 143, 157, 161, 163, 199, 214, 232, 234, 235, 236, 239, 248, 249, 251, 252, 253, 255, 259, 262, 268, 274, 276]",0.14970014827675623,0.2498147040605545,0.3265244719879983,6,23,True,quota_target_R248Q,n/a,n/a,n/a,1,-inf,,1.2296862271178068,0.8661010075074203,0.3548387096774194,11
R248W+R249S__mrna_therapy|deep|autoregressive|trial13,R248W+R249S__mrna_therapy,R248W+R249S,"[""R248W"", ""R249S""]",mrna_therapy,deep,1,1,13,Autoregressive,MEEPQSDPSVEPPLSQETFSDLWKLLPENNVLSPLPSQAMDDLMLSPDDIEQWFTEDPGPDEAPRMPEAAPPVAPAPAAPTPAAPAPAPSWPLSSSVPSQKTYQGSYGFRVGFLHSGTAKSVTWTYSPALNKMFCQLNKTLPVQFWVDSTPPPGTRIRAMAIYKQSQHMTEVVRRCPHHERCSDSDGLAPPQHLIRVEGNLRAEYLDDRNTFRHSVVVPYEPPEVGSDCTTIHYKFMCQSSSMGGMNWSPILVIFTLEDSSENLLGRRSFEARISSCPGRDRRTEEENLRKKGEPHHELPPGSTKRALPNNTSSSPQPKKKPLDGEYFTLQIRGRERFEMFRELNEALELKDAQAGKEPGGSRAHSSHLKSKKGQSTSRHKKLMFKTEGPDSD,0.008178219199180603,0.008178219199180603,0.008197903373691223,1.3567445243777305,-0.27338123321533203,8.968523979187012,94.65648854961832,21,"[""L111V"", ""C124W"", ""A138N"", ""C141L"", ""L145F"", ""V157I"", ""V203A"", ""N235K"", ""Y236F"", ""N239Q"", ""C242S"", ""R248W"", ""R249S"", ""T253V"", ""I255F"", ""G262E"", ""N268R"", ""V272A"", ""V274I"", ""C275S"", ""A276S""]","[111, 124, 138, 141, 145, 157, 203, 235, 236, 239, 242, 248, 249, 253, 255, 262, 268, 272, 274, 275, 276]",0.15106985333652698,0.35671985149383545,0.46420524058734713,4,19,True,quota_target_R248W,n/a,n/a,n/a,1,-inf,,1.0538149419824563,0.7628328101325743,1.0,12
R273H__protein_therapy|deep|autoregressive|trial13,R273H__protein_therapy,R273H,"[""R273H""]",protein_therapy,deep,1,1,13,Autoregressive,MEEPQSDPSVEPPLSQETFSDLWKLLPENNVLSPLPSQAMDDLMLSPDDIEQWFTEDPGPDEAPRMPEAAPPVAPAPAAPTPAAPAPAPSWPLSSSVPSQKTYQGSYGFRVGFLHSGTAKSVTWTYSPALNKMFIQLNKTLPVQFWVDSTPPPGTRVRSMVIYKQSQHMTEVVRRCPHHERCSDSDGLAPPQHLIRVEGNLRAEYLDDRNTFRHSVVVPYEPPEVGSDCTTVHFNFMCNSSCMGGMNRRPIQTVITLESSSGNLLGRQSFEVHISASPGRDRRTEEENLRKKGEPHHELPPGSTKRALPNNTSSSPQPKKKPLDGEYFTLQIRGRERFEMFRELNEALELKDAQAGKEPGGSRAHSSHLKSKKGQSTSRHKKLMFKTEGPDSD,-0.11597160249948502,-0.11597160249948502,-0.11530773661370469,0.9434205209844826,-0.28404951095581055,8.970998764038086,94.91094147582697,20,"[""L111V"", ""C124W"", ""C135I"", ""A138N"", ""C141L"", ""L145F"", ""A159S"", ""A161V"", ""V203A"", ""I232V"", ""Y234F"", ""Y236F"", ""L252Q"", ""I254V"", ""D259S"", ""N268Q"", ""R273H"", ""V274I"", ""C275S"", ""C277S""]","[111, 124, 135, 138, 141, 145, 159, 161, 203, 232, 234, 236, 252, 254, 259, 268, 273, 274, 275, 277]",0.037374141030088,0.2490333914756775,0.14521656007593697,6,19,True,quota_target_R273H,n/a,n/a,n/a,1,-inf,,1.1782302712634958,0.7914426955221767,0.5833333333333334,13
R273C+R282W__gene_therapy|deep|autoregressive|trial13,R273C+R282W__gene_therapy,R273C+R282W,"[""R273C"", ""R282W""]",gene_therapy,deep,1,1,13,Autoregressive,MEEPQSDPSVEPPLSQETFSDLWKLLPENNVLSPLPSQAMDDLMLSPDDIEQWFTEDPGPDEAPRMPEAAPPVAPAPAAPTPAAPAPAPSWPLSSSVPSQKTYQGSYGFRVGFLHSGTAKSVTWTYSPALNKMFIQLNKTLPVQFWVDSTPPPGTRVRSMAIFKQSQHMTEVVRRCPHHERCSDSDGLAPPQHLIRVEGNLRAEYLDDRNTFRHSVVVPYEPPEVGSDHTTVLFNFMCFSSCMGGMNRKPIMVIITLESSSGNLLGRQSLEVCVSASPGRDWRTEEENLRKKGEPHHELPPGSTKRALPNNTSSSPQPKKKPLDGEYFTLQIRGRERFEMFRELNEALELKDAQAGKEPGGSRAHSSHLKSKKGQSTSRHKKLMFKTEGPDSD,-0.04024206101894379,-0.04024206101894379,-0.040113114521934015,0.9416493613597675,-0.2817723751068115,8.969671249389648,93.63867684478372,25,"[""L111V"", ""C124W"", ""C135I"", ""A138N"", ""C141L"", ""L145F"", ""A159S"", ""Y163F"", ""V203A"", ""C229H"", ""I232V"", ""H233L"", ""Y234F"", ""Y236F"", ""N239F"", ""R249K"", ""L252M"", ""T253V"", ""D259S"", ""N268Q"", ""F270L"", ""R273C"", ""C275S"", ""C277S"", ""R282W""]","[111, 124, 135, 138, 141, 145, 159, 163, 203, 229, 232, 233, 234, 236, 239, 249, 252, 253, 259, 268, 270, 273, 275, 277, 282]",0.06275535416002595,0.3380002975463867,0.23934393799660708,7,23,True,quota_target_R273C,n/a,n/a,n/a,1,-inf,,1.188060639736345,0.7818086947406242,0.5555555555555556,14
G245S+R249S__mrna_therapy|deep|autoregressive|trial9,G245S+R249S__mrna_therapy,G245S+R249S,"[""G245S"", ""R249S""]",mrna_therapy,deep,1,1,9,Autoregressive,MEEPQSDPSVEPPLSQETFSDLWKLLPENNVLSPLPSQAMDDLMLSPDDIEQWFTEDPGPDEAPRMPEAAPPVAPAPAAPTPAAPAPAPSWPLSSSVPSQKTYQGSYGFRVGFLHSGTAKSVTWTYSPALNKMFCQLNKTLPVQFWVDSTPPPGTRIRAMAIYKQSQHMTEVVRRCPHHERCSDSDGLAPPQHLVRVEGNLRAEYLDDRNTFRCSVVVPYEPPEVGSDYTTILFNFMCNSSCMGSMNRSPIMVIFTVEDSSENLLGRQSFEVRICAAPGRDRRTEEENLRKKGEPHHELPPGSTKRALPNNTSSSPQPKKKPLDGEYFTLQIRGRERFEMFRELNEALELKDAQAGKEPGGSRAHSSHLKSKKGQSTSRHKKLMFKTEGPDSD,-0.0731264129281044,-0.0731264129281044,-0.07283264195473246,1.3521765916139294,-0.27706316113471985,8.974126815795898,94.14758269720102,23,"[""L111V"", ""C124W"", ""A138N"", ""C141L"", ""L145F"", ""V157I"", ""I195V"", ""V203A"", ""H214C"", ""C229Y"", ""H233L"", ""Y234F"", ""Y236F"", ""G245S"", ""R249S"", ""L252M"", ""T253V"", ""I255F"", ""L257V"", ""G262E"", ""N268Q"", ""V274I"", ""C277A""]","[111, 124, 138, 141, 145, 157, 195, 203, 214, 229, 233, 234, 236, 245, 249, 252, 253, 255, 257, 262, 268, 274, 277]",0.06369984497928965,0.27756017446517944,0.4335360811933255,5,21,True,quota_target_G245S,n/a,n/a,n/a,1,-inf,,1.142361096357914,0.7659979855938126,0.42857142857142855,15
R248Q+R249S__mrna_therapy|deep|autoregressive|trial13,R248Q+R249S__mrna_therapy,R248Q+R249S,"[""R248Q"", ""R249S""]",mrna_therapy,deep,1,1,13,Autoregressive,MEEPQSDPSVEPPLSQETFSDLWKLLPENNVLSPLPSQAMDDLMLSPDDIEQWFTEDPGPDEAPRMPEAAPPVAPAPAAPTPAAPAPAPSWPLSSSVPSQKTYQGSYGFRLGFLHSGTAKSVTWTYSPALNKMFCQLNKTLPIQLWVDSTPPPGTRIRAMPIFKQSQHMTEVVRRCPHHERCSDSDGLAPPQHLIRVESNLRVEYLDDRNTFRCSVVVPYEPPEVGSDCTTVHLKFMCYSSCMGGMNQSPVMVIFTLESSSENLLGRQSFEVRICSCPGRDRRTEEENLRKKGEPHHELPPGSTKRALPNNTSSSPQPKKKPLDGEYFTLQIRGRERFEMFRELNEALELKDAQAGKEPGGSRAHSSHLKSKKGQSTSRHKKLMFKTEGPDSD,-0.051718465983867645,-0.051718465983867645,-0.05154199034419732,1.3198834446802545,-0.2869832217693329,8.973272323608398,93.63867684478372,25,"[""C124W"", ""A138N"", ""C141L"", ""V143I"", ""V157I"", ""A161P"", ""Y163F"", ""G199S"", ""H214C"", ""I232V"", ""Y234L"", ""N235K"", ""Y236F"", ""N239Y"", ""R248Q"", ""R249S"", ""I251V"", ""L252M"", ""T253V"", ""I255F"", ""D259S"", ""G262E"", ""N268Q"", ""V274I"", ""A276S""]","[124, 138, 141, 143, 157, 161, 163, 199, 214, 232, 234, 235, 236, 239, 248, 249, 251, 252, 253, 255, 259, 262, 268, 274, 276]",0.14970014827675623,0.2498147040605545,0.3265244719879983,6,23,True,quota_target_R249S,n/a,n/a,n/a,1,-inf,,1.063940937391706,0.761206631331463,1.0,16
R282W__gene_therapy|deep|autoregressive|trial13,R282W__gene_therapy,R282W,"[""R282W""]",gene_therapy,deep,1,1,13,Autoregressive,MEEPQSDPSVEPPLSQETFSDLWKLLPENNVLSPLPSQAMDDLMLSPDDIEQWFTEDPGPDEAPRMPEAAPPVAPAPAAPTPAAPAPAPSWPLSSSVPSQKTYQGSYGFRVGFLHSGTAKSVTWTYSPALNKMFVQLNKTLPVQFWVDSTPPPGTRVRAMVIYKQSQHMTEVVRRCPHHERCSDSDGLAPPQHLIRVEGNLRAEYLDDRNTFRHSVVVPYEPPEVGSDFTTIHYKFMCNGSCMGGMNRRPIQVIFTLEDSSENLLGRQSFELRICAAPGRDWRTEEENLRKKGEPHHELPPGSTKRALPNNTSSSPQPKKKPLDGEYFTLQIRGRERFEMFRELNEALELKDAQAGKEPGGSRAHSSHLKSKKGQSTSRHKKLMFKTEGPDSD,0.0002972502261400223,0.0002972502261400223,0.00032655470537847064,0.8558867682174182,-0.2781314253807068,8.967086791992188,94.65648854961832,21,"[""L111V"", ""C124W"", ""C135V"", ""A138N"", ""C141L"", ""L145F"", ""A161V"", ""V203A"", ""C229F"", ""N235K"", ""Y236F"", ""S240G"", ""L252Q"", ""T253V"", ""I255F"", ""G262E"", ""N268Q"", ""V272L"", ""V274I"", ""C277A"", ""R282W""]","[111, 124, 135, 138, 141, 145, 161, 203, 229, 235, 236, 240, 252, 253, 255, 262, 268, 272, 274, 277, 282]",0.04527832789174584,0.32491517066955566,0.3372066357297956,6,20,True,quota_target_R282W,n/a,n/a,n/a,1,-inf,,1.1872786657964172,0.7516409919927846,0.4642857142857143,17
R249S__protein_therapy|deep|autoregressive|trial13,R249S__protein_therapy,R249S,"[""R249S""]",protein_therapy,deep,1,1,13,Autoregressive,MEEPQSDPSVEPPLSQETFSDLWKLLPENNVLSPLPSQAMDDLMLSPDDIEQWFTEDPGPDEAPRMPEAAPPVAPAPAAPTPAAPAPAPSWPLSSSVPSQKTYQGSYGFRVGFLHSGTAKSVTWTYSPALNKMFVQLNKTCPVQFWVDSTPPPGTRLRSMLIYKQSQHMTEVVRRCPHHERCSDSDGLAPPQHLIRVEGNLRAEYLDDRNTFRHSVVVPYEPPEVGSDYTTVHFKFMCNSSCMGGMNRSPILVIITLEDSSENLLGRRSFEVRICASPGRDRRTEEENLRKKGEPHHELPPGSTKRALPNNTSSSPQPKKKPLDGEYFTLQIRGRERFEMFRELNEALELKDAQAGKEPGGSRAHSSHLKSKKGQSTSRHKKLMFKTEGPDSD,-0.20224575698375702,-0.20224575698375702,-0.20010441702557072,1.0710724373705864,-0.2758532166481018,8.972335815429688,94.91094147582697,20,"[""L111V"", ""C124W"", ""C135V"", ""A138N"", ""L145F"", ""V157L"", ""A159S"", ""A161L"", ""V203A"", ""C229Y"", ""I232V"", ""Y234F"", ""N235K"", ""Y236F"", ""R249S"", ""T253V"", ""G262E"", ""N268R"", ""V274I"", ""C277S""]","[111, 124, 135, 138, 145, 157, 159, 161, 203, 229, 232, 234, 235, 236, 249, 253, 262, 268, 274, 277]",0.015551619769558217,0.23603211343288422,0.29970333898313034,5,19,True,diversity_fill_utility=1.126_novelty=0.765_overlap=0.407,n/a,n/a,n/a,1,-inf,,1.126010961445246,0.7646055458248188,0.4074074074074074,18
R273C__protein_therapy|deep|autoregressive|trial13,R273C__protein_therapy,R273C,"[""R273C""]",protein_therapy,deep,1,1,13,Autoregressive,MEEPQSDPSVEPPLSQETFSDLWKLLPENNVLSPLPSQAMDDLMLSPDDIEQWFTEDPGPDEAPRMPEAAPPVAPAPAAPTPAAPAPAPSWPLSSSVPSQKTYQGSYGFRVGFLHSGTAKSVTWTYSPALNKMFIQLNKTLPVQFWVDSTPPPGTRVRSMVIYKQSQHMTEVVRRCPHHERCSDSDGLAPPQHLIRVEGNLRAEYLDDRNTFRHSVVVPYEPPEVGSDYTTLLYKFMCNSSCMGGMNRRPIQVIITLEDSSENLLGRQSFEVCICACPGRDRRTEEENLRKKGEPHHELPPGSTKRALPNNTSSSPQPKKKPLDGEYFTLQIRGRERFEMFRELNEALELKDAQAGKEPGGSRAHSSHLKSKKGQSTSRHKKLMFKTEGPDSD,-0.06639742851257324,-0.06639742851257324,-0.06614483461545781,0.8509777740286155,-0.27531492710113525,8.962843894958496,94.91094147582697,20,"[""L111V"", ""C124W"", ""C135I"", ""A138N"", ""C141L"", ""L145F"", ""A159S"", ""A161V"", ""V203A"", ""C229Y"", ""I232L"", ""H233L"", ""N235K"", ""Y236F"", ""L252Q"", ""T253V"", ""G262E"", ""N268Q"", ""R273C"", ""V274I""]","[111, 124, 135, 138, 141, 145, 159, 161, 203, 229, 232, 233, 235, 236, 252, 253, 262, 268, 273, 274]",0.051613647253830754,0.29205653071403503,0.17419807104324356,4,19,True,diversity_fill_utility=1.123_novelty=0.676_overlap=0.727,n/a,n/a,n/a,2,-inf,,1.1227464731342875,0.6761762197536711,0.7272727272727273,19
R248Q__gene_therapy|deep|autoregressive|trial13,R248Q__gene_therapy,R248Q,"[""R248Q""]",gene_therapy,deep,1,1,13,Autoregressive,MEEPQSDPSVEPPLSQETFSDLWKLLPENNVLSPLPSQAMDDLMLSPDDIEQWFTEDPGPDEAPRMPEAAPPVAPAPAAPTPAAPAPAPSWPLSSSVPSQKTYQGSYGFRVGFLHSGTAKSVTWTYSPALNKMFVQLNKTLPVQLWVDSTPPPGTRIRAMPIFKQSQHMTEVVRRCPHHERCSDSDGLAPPQHLIRVEGNLRAEYLDDRNTFRHSVVIPYEPPEVGSDCTTVHFKYMCQSSCMGGMNQKPVMVIITIEDSSENLLGRQSFEVRISACPGRDRRTEEENLRKKGEPHHELPPGSTKRALPNNTSSSPQPKKKPLDGEYFTLQIRGRERFEMFRELNEALELKDAQAGKEPGGSRAHSSHLKSKKGQSTSRHKKLMFKTEGPDSD,-0.1767084151506424,-0.1767084151506424,-0.17512376306318667,1.1167312363769664,-0.2767173945903778,8.96038818359375,93.89312977099237,24,"[""L111V"", ""C124W"", ""C135V"", ""A138N"", ""C141L"", ""V157I"", ""A161P"", ""Y163F"", ""V203A"", ""V218I"", ""I232V"", ""Y234F"", ""N235K"", ""N239Q"", ""R248Q"", ""R249K"", ""I251V"", ""L252M"", ""T253V"", ""L257I"", ""G262E"", ""N268Q"", ""V274I"", ""C275S""]","[111, 124, 135, 138, 141, 157, 161, 163, 203, 218, 232, 234, 235, 239, 248, 249, 251, 252, 253, 257, 262, 268, 274, 275]",0.030642952100221926,0.2520599961280823,0.3231044724147498,7,23,True,diversity_fill_utility=1.118_novelty=0.746_overlap=0.438,n/a,n/a,n/a,1,-inf,,1.1180954731450412,0.745508484699029,0.4375,20
R249S+R273C__protein_therapy|deep|autoregressive|trial13,R249S+R273C__protein_therapy,R249S+R273C,"[""R273C"", ""R249S""]",protein_therapy,deep,1,1,13,Autoregressive,MEEPQSDPSVEPPLSQETFSDLWKLLPENNVLSPLPSQAMDDLMLSPDDIEQWFTEDPGPDEAPRMPEAAPPVAPAPAAPTPAAPAPAPSWPLSSSVPSQKTYQGSYGFRVGFLHSGTAKSVTWTYSPALNKMFVQLNKTLPVQFWVDSTPPPGTRVRSMAIFKQSQHMTEVVRRCPHHERCSDSDGLAPPQHLIRVEGNLRAEYLDDRNTFRHSVVVPYEPPEVGSDCTTIHFKFMCNSSCMGGMNRSPILVIITLETSSENLLGRQSFEVCISAAPGRDRRTEEENLRKKGEPHHELPPGSTKRALPNNTSSSPQPKKKPLDGEYFTLQIRGRERFEMFRELNEALELKDAQAGKEPGGSRAHSSHLKSKKGQSTSRHKKLMFKTEGPDSD,-0.19196130335330963,-0.19196130335330963,-0.19005749239784067,1.0719661855028186,-0.27763643860816956,8.970094680786133,94.65648854961832,21,"[""L111V"", ""C124W"", ""C135V"", ""A138N"", ""C141L"", ""L145F"", ""A159S"", ""Y163F"", ""V203A"", ""Y234F"", ""N235K"", ""Y236F"", ""R249S"", ""T253V"", ""D259T"", ""G262E"", ""N268Q"", ""R273C"", ""V274I"", ""C275S"", ""C277A""]","[111, 124, 135, 138, 141, 145, 159, 163, 203, 234, 235, 236, 249, 253, 259, 262, 268, 273, 274, 275, 277]",0.03532400646421437,0.27417686581611633,0.22070892917515836,7,19,True,diversity_fill_utility=1.089_novelty=0.674_overlap=0.560,n/a,n/a,n/a,1,-inf,,1.0891279223573571,0.6740215663713849,0.56,21
R273H+R282W__protein_therapy|deep|autoregressive|trial13,R273H+R282W__protein_therapy,R273H+R282W,"[""R273H"", ""R282W""]",protein_therapy,deep,1,1,13,Autoregressive,MEEPQSDPSVEPPLSQETFSDLWKLLPENNVLSPLPSQAMDDLMLSPDDIEQWFTEDPGPDEAPRMPEAAPPVAPAPAAPTPAAPAPAPSWPLSSSVPSQKTYQGSYGFRVGFLHSGTAKSVTWTYSPALNKMFIQLNKTLPVQFWVDSTPPPGTRVRSMVIYKQSQHMTEVVRRCPHHERCSDSDGLAPPQHLIRVEGNLRAEYLDDRNTFRHSVVVPYEPPEVGSDFTTIHFKFMCNSSGMGGMNRKPILTVITLEDSSGNLLGRQSFEVHVSASPGRDWRTEEENLRKKGEPHHELPPGSTKRALPNNTSSSPQPKKKPLDGEYFTLQIRGRERFEMFRELNEALELKDAQAGKEPGGSRAHSSHLKSKKGQSTSRHKKLMFKTEGPDSD,-0.14318352937698364,-0.14318352937698364,-0.14217154689164058,0.8548123767867395,-0.2752973735332489,8.971527099609375,94.65648854961832,21,"[""L111V"", ""C124W"", ""C135I"", ""A138N"", ""C141L"", ""L145F"", ""A159S"", ""A161V"", ""V203A"", ""C229F"", ""Y234F"", ""N235K"", ""Y236F"", ""C242G"", ""R249K"", ""I254V"", ""N268Q"", ""R273H"", ""C275S"", ""C277S"", ""R282W""]","[111, 124, 135, 138, 141, 145, 159, 161, 203, 229, 234, 235, 236, 242, 249, 254, 268, 273, 275, 277, 282]",0.02594940587091049,0.2783094048500061,0.324791008309683,4,19,True,diversity_fill_utility=1.080_novelty=0.721_overlap=0.652,n/a,n/a,n/a,1,-inf,,1.0804999289927435,0.7208432214439152,0.6521739130434783,22
R273C+R282W__mrna_therapy|deep|autoregressive|trial13,R273C+R282W__mrna_therapy,R273C+R282W,"[""R273C"", ""R282W""]",mrna_therapy,deep,1,1,13,Autoregressive,MEEPQSDPSVEPPLSQETFSDLWKLLPENNVLSPLPSQAMDDLMLSPDDIEQWFTEDPGPDEAPRMPEAAPPVAPAPAAPTPAAPAPAPSWPLSSSVPSQKTYQGSYGFRVGFLHSGTAKSVTWTYSPALNKMFIQLNKTLPVQFWVDSTPPPGTRVRSMAIFKQSQHMTEVVRRCPHHERCSDSDGLAPPQHLIRVEGNLRAEYLDDRNTFRHSVVVPYEPPEVGSDHTTVLFNFMCFSSCMGGMNRKPIMVIITLESSSGNLLGRQSLEVCVSASPGRDWRTEEENLRKKGEPHHELPPGSTKRALPNNTSSSPQPKKKPLDGEYFTLQIRGRERFEMFRELNEALELKDAQAGKEPGGSRAHSSHLKSKKGQSTSRHKKLMFKTEGPDSD,-0.04024206101894379,-0.04024206101894379,-0.040113114521934015,0.9416493613597675,-0.2817723751068115,8.969671249389648,93.63867684478372,25,"[""L111V"", ""C124W"", ""C135I"", ""A138N"", ""C141L"", ""L145F"", ""A159S"", ""Y163F"", ""V203A"", ""C229H"", ""I232V"", ""H233L"", ""Y234F"", ""Y236F"", ""N239F"", ""R249K"", ""L252M"", ""T253V"", ""D259S"", ""N268Q"", ""F270L"", ""R273C"", ""C275S"", ""C277S"", ""R282W""]","[111, 124, 135, 138, 141, 145, 159, 163, 203, 229, 232, 233, 234, 236, 239, 249, 252, 253, 259, 268, 270, 273, 275, 277, 282]",0.06275535416002595,0.3380002975463867,0.23934393799660708,7,23,True,diversity_fill_utility=1.067_novelty=0.689_overlap=1.000,n/a,n/a,n/a,1,-inf,,1.066545134598877,0.6885897911732553,1.0,23
G245S+R273C__gene_therapy|deep|autoregressive|trial13,G245S+R273C__gene_therapy,G245S+R273C,"[""R273C"", ""G245S""]",gene_therapy,deep,1,1,13,Autoregressive,MEEPQSDPSVEPPLSQETFSDLWKLLPENNVLSPLPSQAMDDLMLSPDDIEQWFTEDPGPDEAPRMPEAAPPVAPAPAAPTPAAPAPAPSWPLSSSVPSQKTYQGSYGFRVGFLHSGTAKSVTWTYSPALNKMFVQLNKTLPIQFWLDSTPPPGTRIRSMAIYKQSQHMTEVVRRCPHHERCSDSDGLAPPQHLIRVEGNLRVEYLDDRNTFRHSVVVPYEPPEVGSDYTTVHFNFMCNSSCMGSMNRRPVMTIFTVEDSSENLLGRQSFEVCITASPGRDRRTEEENLRKKGEPHHELPPGSTKRALPNNTSSSPQPKKKPLDGEYFTLQIRGRERFEMFRELNEALELKDAQAGKEPGGSRAHSSHLKSKKGQSTSRHKKLMFKTEGPDSD,-0.23251356184482574,-0.23251356184482574,-0.22956165385447078,1.1784690246265577,-0.28458452224731445,8.962635040283203,93.63867684478372,25,"[""L111V"", ""C124W"", ""C135V"", ""A138N"", ""C141L"", ""V143I"", ""L145F"", ""V147L"", ""V157I"", ""A159S"", ""C229Y"", ""I232V"", ""Y234F"", ""Y236F"", ""G245S"", ""I251V"", ""L252M"", ""I255F"", ""L257V"", ""G262E"", ""N268Q"", ""R273C"", ""V274I"", ""C275T"", ""C277S""]","[111, 124, 135, 138, 141, 143, 145, 147, 157, 159, 229, 232, 234, 236, 245, 251, 252, 255, 257, 262, 268, 273, 274, 275, 277]",0.05662517859883422,0.20112845301628113,0.3584035996089712,6,23,True,diversity_fill_utility=1.063_novelty=0.729_overlap=0.517,n/a,n/a,n/a,1,-inf,,1.0629626905584912,0.7288323453153975,0.5172413793103449,24
R282W__protein_therapy|deep|autoregressive|trial13,R282W__protein_therapy,R282W,"[""R282W""]",protein_therapy,deep,1,1,13,Autoregressive,MEEPQSDPSVEPPLSQETFSDLWKLLPENNVLSPLPSQAMDDLMLSPDDIEQWFTEDPGPDEAPRMPEAAPPVAPAPAAPTPAAPAPAPSWPLSSSVPSQKTYQGSYGFRVGFLHSGTAKSVTWTYSPALNKMFVQLNKTLPVQFWVDSTPPPGTRVRSMVIYKQSQHMTEVVRRCPHHERCSDSDGLAPPQHLIRVEGNLRAEYLDDRNTFRHSVVVPYEPPEVGSDFTTIHYKFMCNGSCMGGMNRRPILVIITLEDSSENLLGRQSFELRICASPGRDWRTEEENLRKKGEPHHELPPGSTKRALPNNTSSSPQPKKKPLDGEYFTLQIRGRERFEMFRELNEALELKDAQAGKEPGGSRAHSSHLKSKKGQSTSRHKKLMFKTEGPDSD,-0.09344250708818436,-0.09344250708818436,-0.092997878282472,0.7621470109030938,-0.2796151638031006,8.967061042785645,94.91094147582697,20,"[""L111V"", ""C124W"", ""C135V"", ""A138N"", ""C141L"", ""L145F"", ""A159S"", ""A161V"", ""V203A"", ""C229F"", ""N235K"", ""Y236F"", ""S240G"", ""T253V"", ""G262E"", ""N268Q"", ""V272L"", ""V274I"", ""C277S"", ""R282W""]","[111, 124, 135, 138, 141, 145, 159, 161, 203, 229, 235, 236, 240, 253, 262, 268, 272, 274, 277, 282]",0.04800452149453419,0.2840985357761383,0.3248401001251235,5,19,True,diversity_fill_utility=1.057_novelty=0.661_overlap=0.773,n/a,n/a,n/a,1,-inf,,1.0569812969942702,0.6614489925221636,0.7727272727272727,25
R282W__mrna_therapy|deep|autoregressive|trial13,R282W__mrna_therapy,R282W,"[""R282W""]",mrna_therapy,deep,1,1,13,Autoregressive,MEEPQSDPSVEPPLSQETFSDLWKLLPENNVLSPLPSQAMDDLMLSPDDIEQWFTEDPGPDEAPRMPEAAPPVAPAPAAPTPAAPAPAPSWPLSSSVPSQKTYQGSYGFRVGFLHSGTAKSVTWTYSPALNKMFVQLNKTLPVQFWVDSTPPPGTRVRAMVIYKQSQHMTEVVRRCPHHERCSDSDGLAPPQHLIRVEGNLRAEYLDDRNTFRHSVVVPYEPPEVGSDFTTIHYKFMCNGSCMGGMNRRPIQVIFTLEDSSENLLGRQSFELRICAAPGRDWRTEEENLRKKGEPHHELPPGSTKRALPNNTSSSPQPKKKPLDGEYFTLQIRGRERFEMFRELNEALELKDAQAGKEPGGSRAHSSHLKSKKGQSTSRHKKLMFKTEGPDSD,0.0002972502261400223,0.0002972502261400223,0.00032655470537847064,0.8558867682174182,-0.2781314253807068,8.967086791992188,94.65648854961832,21,"[""L111V"", ""C124W"", ""C135V"", ""A138N"", ""C141L"", ""L145F"", ""A161V"", ""V203A"", ""C229F"", ""N235K"", ""Y236F"", ""S240G"", ""L252Q"", ""T253V"", ""I255F"", ""G262E"", ""N268Q"", ""V272L"", ""V274I"", ""C277A"", ""R282W""]","[111, 124, 135, 138, 141, 145, 161, 203, 229, 235, 236, 240, 252, 253, 255, 262, 268, 272, 274, 277, 282]",0.04527832789174584,0.32491517066955566,0.3372066357297956,6,20,True,diversity_fill_utility=1.047_novelty=0.656_overlap=1.000,n/a,n/a,n/a,1,-inf,,1.0465999794913463,0.6558243372436021,1.0,26
R248Q+R249S__protein_therapy|deep|autoregressive|trial13,R248Q+R249S__protein_therapy,R248Q+R249S,"[""R248Q"", ""R249S""]",protein_therapy,deep,1,1,13,Autoregressive,MEEPQSDPSVEPPLSQETFSDLWKLLPENNVLSPLPSQAMDDLMLSPDDIEQWFTEDPGPDEAPRMPEAAPPVAPAPAAPTPAAPAPAPSWPLSSSVPSQKTYQGSYGFRLGFLHSGTAKSVTWTYSPALNKMFCQLNKTLPIQLWVDSTPPPGTRIRAMPIFKQSQHMTEVVRRCPHHERCSDSDGLAPPQHLIRVEGNLRVEYLDDRNTFRCSVVVPYEPPEVGSDCTTVHLKFMCYSSCMGGMNQSPVLVIITLESSSENLLGRQSFEVRICACPGRDRRTEEENLRKKGEPHHELPPGSTKRALPNNTSSSPQPKKKPLDGEYFTLQIRGRERFEMFRELNEALELKDAQAGKEPGGSRAHSSHLKSKKGQSTSRHKKLMFKTEGPDSD,-0.14421842992305756,-0.14421842992305756,-0.14319124652613813,1.2273834807410646,-0.288909912109375,8.973613739013672,94.65648854961832,21,"[""C124W"", ""A138N"", ""C141L"", ""V143I"", ""V157I"", ""A161P"", ""Y163F"", ""H214C"", ""I232V"", ""Y234L"", ""N235K"", ""Y236F"", ""N239Y"", ""R248Q"", ""R249S"", ""I251V"", ""T253V"", ""D259S"", ""G262E"", ""N268Q"", ""V274I""]","[124, 138, 141, 143, 157, 161, 163, 214, 232, 234, 235, 236, 239, 248, 249, 251, 253, 259, 262, 268, 274]",0.15559875197821052,0.25506341457366943,0.34235022697787254,4,19,True,diversity_fill_utility=1.039_novelty=0.717_overlap=0.826,n/a,n/a,n/a,1,-inf,,1.039246454743906,0.7169108685831596,0.8260869565217391,27
R273C+R282W__protein_therapy|deep|autoregressive|trial13,R273C+R282W__protein_therapy,R273C+R282W,"[""R273C"", ""R282W""]",protein_therapy,deep,1,1,13,Autoregressive,MEEPQSDPSVEPPLSQETFSDLWKLLPENNVLSPLPSQAMDDLMLSPDDIEQWFTEDPGPDEAPRMPEAAPPVAPAPAAPTPAAPAPAPSWPLSSSVPSQKTYQGSYGFRVGFLHSGTAKSVTWTYSPALNKMFIQLNKTLPVQFWVDSTPPPGTRVRSMAIYKQSQHMTEVVRRCPHHERCSDSDGLAPPQHLIRVEGNLRAEYLDDRNTFRHSVVVPYEPPEVGSDHTTVHFNFMCNSSCMGGMNRKPILVIITLESSSGNLLGRQSLEVCVSASPGRDWRTEEENLRKKGEPHHELPPGSTKRALPNNTSSSPQPKKKPLDGEYFTLQIRGRERFEMFRELNEALELKDAQAGKEPGGSRAHSSHLKSKKGQSTSRHKKLMFKTEGPDSD,-0.1327819675207138,-0.1327819675207138,-0.1319145659160335,0.8491094548579975,-0.2815020680427551,8.970453262329102,94.65648854961832,21,"[""L111V"", ""C124W"", ""C135I"", ""A138N"", ""C141L"", ""L145F"", ""A159S"", ""V203A"", ""C229H"", ""I232V"", ""Y234F"", ""Y236F"", ""R249K"", ""T253V"", ""D259S"", ""N268Q"", ""F270L"", ""R273C"", ""C275S"", ""C277S"", ""R282W""]","[111, 124, 135, 138, 141, 145, 159, 203, 229, 232, 234, 236, 249, 253, 259, 268, 270, 273, 275, 277, 282]",0.037133663944606064,0.2868782579898834,0.31964232142947485,4,19,True,diversity_fill_utility=1.032_novelty=0.665_overlap=0.826,n/a,n/a,n/a,1,-inf,,1.0319106538046918,0.6647187741700439,0.8260869565217391,28
R248Q+R273C__protein_therapy|deep|autoregressive|trial13,R248Q+R273C__protein_therapy,R248Q+R273C,"[""R248Q"", ""R273C""]",protein_therapy,deep,1,1,13,Autoregressive,MEEPQSDPSVEPPLSQETFSDLWKLLPENNVLSPLPSQAMDDLMLSPDDIEQWFTEDPGPDEAPRMPEAAPPVAPAPAAPTPAAPAPAPSWPLSSSVPSQKTYQGSYGFRVGFLHSGTAKSVTWTYSPALNKMFIQLNKTFPVQLWVDSTPPPGTRIRAMPIYKQSQHMTEVVRRCPHHERCSDSDGLAPPQHLIRVEGNLRAEYLDDRNTFRHSVVVPYEPPEVGSDFTTVHFKYMCNSSCMGGMNQRPILVIITIESSSENLLGRQSFEVCVSAAPGRDRRTEEENLRKKGEPHHELPPGSTKRALPNNTSSSPQPKKKPLDGEYFTLQIRGRERFEMFRELNEALELKDAQAGKEPGGSRAHSSHLKSKKGQSTSRHKKLMFKTEGPDSD,-0.3996681272983551,-0.3996681272983551,-0.3885613777373116,0.8790570938918856,-0.2827838063240051,8.953643798828125,94.65648854961832,21,"[""L111V"", ""C124W"", ""C135I"", ""A138N"", ""C141F"", ""V157I"", ""A161P"", ""V203A"", ""C229F"", ""I232V"", ""Y234F"", ""N235K"", ""R248Q"", ""T253V"", ""L257I"", ""D259S"", ""G262E"", ""N268Q"", ""R273C"", ""C275S"", ""C277A""]","[111, 124, 135, 138, 141, 157, 161, 203, 229, 232, 234, 235, 248, 253, 257, 259, 262, 268, 273, 275, 277]",0.1317762857088526,0.24017520248889923,0.29063110180139345,4,19,True,diversity_fill_utility=1.011_novelty=0.724_overlap=0.500,n/a,n/a,n/a,1,-inf,,1.0106335962094963,0.723599683926121,0.5,29
R248W+R249S__protein_therapy|deep|autoregressive|trial13,R248W+R249S__protein_therapy,R248W+R249S,"[""R248W"", ""R249S""]",protein_therapy,deep,1,1,13,Autoregressive,MEEPQSDPSVEPPLSQETFSDLWKLLPENNVLSPLPSQAMDDLMLSPDDIEQWFTEDPGPDEAPRMPEAAPPVAPAPAAPTPAAPAPAPSWPLSSSVPSQKTYQGSYGFRVGFLHSGTAKSVTWTYSPALNKMFCQLNKTLPVQFWVDSTPPPGTRIRSMAIYKQSQHMTEVVRRCPHHERCSDSDGLAPPQHLIRVEGNLRAEYLDDRNTFRHSVVVPYEPPEVGSDCTTIHFKFMCQSSSMGGMNWSPILVIITLEDSSENLLGRRSFEVRISSCPGRDRRTEEENLRKKGEPHHELPPGSTKRALPNNTSSSPQPKKKPLDGEYFTLQIRGRERFEMFRELNEALELKDAQAGKEPGGSRAHSSHLKSKKGQSTSRHKKLMFKTEGPDSD,-0.16262641549110413,-0.16262641549110413,-0.16130302372479632,1.1859398896874458,-0.27258238196372986,8.971275329589844,94.65648854961832,21,"[""L111V"", ""C124W"", ""A138N"", ""C141L"", ""L145F"", ""V157I"", ""A159S"", ""V203A"", ""Y234F"", ""N235K"", ""Y236F"", ""N239Q"", ""C242S"", ""R248W"", ""R249S"", ""T253V"", ""G262E"", ""N268R"", ""V274I"", ""C275S"", ""A276S""]","[111, 124, 138, 141, 145, 157, 159, 203, 234, 235, 236, 239, 242, 248, 249, 253, 262, 268, 274, 275, 276]",0.05926683579193282,0.28902921080589294,0.35925280343452876,4,19,True,diversity_fill_utility=1.006_novelty=0.648_overlap=0.810,n/a,n/a,n/a,1,-inf,,1.0059882632078867,0.6478303179158436,0.8095238095238095,30
